Companies,Supplier
Bayernwerk,Pfaffinger
EWE_Netz,Ludwig-freytag
EWE_Netz,Ludwig-freytag
EWE_Netz,Ludwig-freytag
Harz_Energie,Ludwig-freytag
Stadtwerke_München,Pfaffinger
Westnetz,Kabel & Tiefbau GmBH
Deutsche_Telekom,Ludwig-freytag
Deutsche_Telekom,Kabel-und-tiefbau
Deutsche_Telekom,Kabel-und-tiefbau
Deutsche_Telekom,Kabel-und-tiefbau
Deutsche_Telekom,Kabel-und-tiefbau
Deutsche_Telekom,Kabel-und-tiefbau
Deutsche_Bahn,Ludwig-freytag
Deutsche_Bahn,Ludwig-freytag
Deutsche_Bahn,Wadle
Deutsche_Bahn,Pfaffinger
Deutsche_Bahn,Pfaffinger
Windpark,Huneke & Rick GmbH
Windpark,Tracto-technik
Windpark,Tracto-technik
Windpark,Matthaei
